Entity,Code,Year,Electricity from wind (TWh),Electricity from hydro (TWh),Electricity from solar (TWh),Other renewables including bioenergy (TWh)
Argentina,ARG,1965,0.0,12251163.0,0.0,0.0
Argentina,ARG,1966,0.0,12409302.0,0.0,0.0
Argentina,ARG,1967,0.0,12706977.0,0.0,0.0
Argentina,ARG,1968,0.0,14976745.0,0.0,0.0
Argentina,ARG,1969,0.0,13432558.0,0.0,0.0
Argentina,ARG,1970,0.0,15571272.0,0.0,0.05624185
Argentina,ARG,1971,0.0,15461483.0,0.0,0.05899074
Argentina,ARG,1972,0.0,15026463.0,0.0,0.07602739
Argentina,ARG,1973,0.0,29974296.0,0.0,0.05997025
Argentina,ARG,1974,0.0,4994663.0,0.0,0.06100323
Argentina,ARG,1975,0.0,51947746.0,0.0,0.063990325
Argentina,ARG,1976,0.0,5014902.0,0.0,0.060962547
Argentina,ARG,1977,0.0,57667804.0,0.0,0.064003065
Argentina,ARG,1978,0.0,77466183.0,0.0,0.06397281
Argentina,ARG,1979,0.0,10656913.0,0.0,0.09498376
Argentina,ARG,1980,0.0,15140881.0,0.0,0.09901763
Argentina,ARG,1981,0.0,14684794.0,0.0,0.08701801
Argentina,ARG,1982,0.0,17592196.0,0.0,0.1149734
Argentina,ARG,1983,0.0,1841851.0,0.0,0.15497561
Argentina,ARG,1984,0.0,19877867.0,0.0,0.11498845
Argentina,ARG,1985,0.0,20653124.0,0.0,0.12000641
Argentina,ARG,1986,0.0,21030247.0,0.0,0.123990245
Argentina,ARG,1987,0.0,21912518.0,0.0,0.10598629
Argentina,ARG,1988,0.0,15259144.0,0.0,0.12296129
Argentina,ARG,1989,0.0,13187393.0,0.0,0.10600155
Argentina,ARG,1990,0.0,17713175.0,0.0,0.13302182
Argentina,ARG,1991,0.0,15869253.0,0.0,0.1310081
Argentina,ARG,1992,0.0,1916509.0,0.0,0.12998593
Argentina,ARG,1993,0.0,23768307.0,0.0,0.09599508
Argentina,ARG,1994,0.0,27286676.0,0.0,0.099004395
Argentina,ARG,1995,0.0,26503681.0,0.0,0.119016126
Argentina,ARG,1996,0.009618,22471685.0,0.0,0.22302064
Argentina,ARG,1997,0.014592,27924665.0,0.0,0.17875852
Argentina,ARG,1998,0.032541,26475504.0,1.7e-05,0.20689325
Argentina,ARG,1999,0.034781,21396791.0,2.6e-05,0.26199996
Argentina,ARG,2000,0.04,28.49,0.0,0.36
Argentina,ARG,2001,0.05,36.65,0.0,0.34
Argentina,ARG,2002,0.07,35.49,0.0,0.5
Argentina,ARG,2003,0.08,33.47,0.0,0.83
Argentina,ARG,2004,0.07,30.14,0.0,0.82
Argentina,ARG,2005,0.08,33.66,0.0,0.86
Argentina,ARG,2006,0.07,37.57,0.0,1.03
Argentina,ARG,2007,0.06,30.06,0.0,1.06
Argentina,ARG,2008,0.04,30.11,0.0,1.13
Argentina,ARG,2009,0.04,33.53,0.0,1.13
Argentina,ARG,2010,0.03,33.02,0.0,1.36
Argentina,ARG,2011,0.06,31.03,0.0,1.34
Argentina,ARG,2012,0.82,28.71,0.01,1.39
Argentina,ARG,2013,1.01,32.51,0.01,1.5
Argentina,ARG,2014,0.62,32.33,0.02,1.4
Argentina,ARG,2015,0.59,31.94,0.01,1.43
Argentina,ARG,2016,0.54,29.4,0.01,1.07
Argentina,ARG,2017,0.61,31.46,0.02,1.31
Argentina,ARG,2018,1.4,31.96,0.11,1.5
Argentina,ARG,2019,4.95,27.33,0.79,1.56
Argentina,ARG,2020,9.32,24.26,1.33,2.14
Argentina,ARG,2021,12.81,20.19,2.17,2.01
Bolivia,BOL,2000,0.0,1.95,0.0,0.14
Bolivia,BOL,2001,0.0,2.11,0.0,0.14
Bolivia,BOL,2002,0.0,2.18,0.0,0.15
Bolivia,BOL,2003,0.0,1.97,0.0,0.17
Bolivia,BOL,2004,0.0,2.13,0.0,0.48
Bolivia,BOL,2005,0.0,1.94,0.0,0.59
Bolivia,BOL,2006,0.0,2.14,0.0,0.63
Bolivia,BOL,2007,0.0,2.3,0.0,1.0
Bolivia,BOL,2008,0.0,2.29,0.0,1.03
Bolivia,BOL,2009,0.0,2.27,0.0,1.13
Bolivia,BOL,2010,0.0,2.16,0.0,1.33
Bolivia,BOL,2011,0.0,2.32,0.0,1.41
Bolivia,BOL,2012,0.0,2.33,0.0,0.88
Bolivia,BOL,2013,0.0,2.51,0.0,0.82
Bolivia,BOL,2014,0.01,2.23,0.01,1.19
Bolivia,BOL,2015,0.01,2.44,0.0,1.3
Bolivia,BOL,2016,0.04,1.7,0.01,1.57
Bolivia,BOL,2017,0.06,2.21,0.01,1.52
Bolivia,BOL,2018,0.06,2.59,0.13,1.61
Bolivia,BOL,2019,0.07,3.22,0.19,0.52
Bolivia,BOL,2020,0.06,2.94,0.33,0.55
Bolivia,BOL,2021,0.13,3.24,0.47,0.58
Brazil,BRA,1965,0.0,25515.0,0.0,0.0
Brazil,BRA,1966,0.0,27906.0,0.0,0.0
Brazil,BRA,1967,0.0,29189.0,0.0,0.0
Brazil,BRA,1968,0.0,30.55,0.0,0.0
Brazil,BRA,1969,0.0,32692.0,0.0,0.0
Brazil,BRA,1970,0.0,39801.0,0.0,0.5146915
Brazil,BRA,1971,0.0,43199.0,0.0,0.63339525
Brazil,BRA,1972,0.0,50681.0,0.0,0.7165702
Brazil,BRA,1973,0.0,57.89,0.0,0.7508004
Brazil,BRA,1974,0.0,65679.0,0.0,0.7851518
Brazil,BRA,1975,0.0,72287.0,0.0,0.86717755
Brazil,BRA,1976,0.0,82913.0,0.0,0.86433774
Brazil,BRA,1977,0.0,93.48,0.0,11168455.0
Brazil,BRA,1978,0.0,102746.0,0.0,13319441.0
Brazil,BRA,1979,0.0,116.58,0.0,17760195.0
Brazil,BRA,1980,0.0,128907.0,0.0,18055083.0
Brazil,BRA,1981,0.0,130765.0,0.0,18736229.0
Brazil,BRA,1982,0.0,141132.0,0.0,21784744.0
Brazil,BRA,1983,0.0,151475.0,0.0,29844549.0
Brazil,BRA,1984,0.0,166593.0,0.0,28516788.0
Brazil,BRA,1985,0.0,178375.0,0.0,30671256.0
Brazil,BRA,1986,0.0,182419.0,0.0,31939325.0
Brazil,BRA,1987,0.0,185.6,0.0,35656974.0
Brazil,BRA,1988,0.0,199093.0,0.0,3339784.0
Brazil,BRA,1989,0.0,204.69,0.0,34031622.0
Brazil,BRA,1990,0.0,206708.0,0.0,38590624.0
Brazil,BRA,1991,0.0,217782.0,0.0,39996126.0
Brazil,BRA,1992,0.0,223343.0,0.0,4929361.0
Brazil,BRA,1993,0.0,235065.0,0.0,49839373.0
Brazil,BRA,1994,0.0,242705.0,0.0,53882236.0
Brazil,BRA,1995,0.0,253905.0,0.0,55937405.0
Brazil,BRA,1996,0.002,265769.0,0.0,675271.0
Brazil,BRA,1997,0.004,278972.0,0.0,7378951.0
Brazil,BRA,1998,0.005,291469.0,0.0,7505233.0
Brazil,BRA,1999,0.002,293.0,0.0,8376002.0
Brazil,BRA,2000,0.0,301.36,0.0,7.41
Brazil,BRA,2001,0.04,265.2,0.0,8.47
Brazil,BRA,2002,0.06,283.23,0.0,9.66
Brazil,BRA,2003,0.06,302.56,0.0,11.26
Brazil,BRA,2004,0.06,317.59,0.0,11.78
Brazil,BRA,2005,0.09,334.08,0.0,12.79
Brazil,BRA,2006,0.24,345.32,0.0,13.99
Brazil,BRA,2007,0.64,370.27,0.0,16.97
Brazil,BRA,2008,0.84,365.86,0.0,18.91
Brazil,BRA,2009,1.24,387.08,0.0,21.81
Brazil,BRA,2010,2.18,403.29,0.0,30.52
Brazil,BRA,2011,2.7,428.33,0.0,31.29
Brazil,BRA,2012,5.05,415.34,0.0,34.39
Brazil,BRA,2013,6.58,390.99,0.0,39.27
Brazil,BRA,2014,12.21,373.44,0.02,45.15
Brazil,BRA,2015,21.47,359.74,0.06,47.54
Brazil,BRA,2016,33.24,380.91,0.08,49.14
Brazil,BRA,2017,42.06,370.91,0.83,50.6
Brazil,BRA,2018,48.12,388.97,3.44,52.13
Brazil,BRA,2019,55.43,397.88,6.59,52.69
Brazil,BRA,2020,56.48,396.33,10.64,56.56
Brazil,BRA,2021,71.5,362.82,16.75,57.6
Chile,CHL,1965,0.0,3954.0,0.0,0.0
Chile,CHL,1966,0.0,4168.0,0.0,0.0
Chile,CHL,1967,0.0,4255.0,0.0,0.0
Chile,CHL,1968,0.0,3565.0,0.0,0.0
Chile,CHL,1969,0.0,4024.0,0.0,0.0
Chile,CHL,1970,0.0,4307.0,0.0,0.0
Chile,CHL,1971,0.0,4809.0,0.0,0.066
Chile,CHL,1972,0.0,5.73,0.0,0.057
Chile,CHL,1973,0.0,5595.0,0.0,0.051
Chile,CHL,1974,0.0,6364.0,0.0,0.046
Chile,CHL,1975,0.0,6388.0,0.0,0.051
Chile,CHL,1976,0.0,6599.0,0.0,0.073
Chile,CHL,1977,0.0,6969.0,0.0,0.08
Chile,CHL,1978,0.0,7251.0,0.0,0.091
Chile,CHL,1979,0.0,7448.0,0.0,0.094
Chile,CHL,1980,0.0,7871.0,0.0,0.105
Chile,CHL,1981,0.0,8.15,0.0,0.11
Chile,CHL,1982,0.0,8914.0,0.0,0.137
Chile,CHL,1983,0.0,9613.0,0.0,0.208
Chile,CHL,1984,0.0,9975.0,0.0,0.201
Chile,CHL,1985,0.0,11.07,0.0,0.195
Chile,CHL,1986,0.0,11.83,0.0,0.28
Chile,CHL,1987,0.0,12823.0,0.0,0.271
Chile,CHL,1988,0.0,12558.0,0.0,0.327
Chile,CHL,1989,0.0,10543.0,0.0,0.321
Chile,CHL,1990,0.0,8941428.0,0.0,0.963
Chile,CHL,1991,0.0,13135654.0,0.0,1033.0
Chile,CHL,1992,0.0,1674015.0,0.0,1743.0
Chile,CHL,1993,0.0,17217321.0,0.0,1.75
Chile,CHL,1994,0.0,16985472.0,0.0,1786.0
Chile,CHL,1995,0.0,18413738.0,0.0,1879.0
Chile,CHL,1996,0.0,16873468.0,0.0,1738.0
Chile,CHL,1997,0.0,18943148.0,0.0,1743.0
Chile,CHL,1998,0.0,15937255.0,0.0,1161.0
Chile,CHL,1999,0.0,13577.0,0.0,1.45
Chile,CHL,2000,0.0,18.48,0.0,1375.0
Chile,CHL,2001,0.0,21.03,0.0,1683.0
Chile,CHL,2002,0.0,22.5,0.0,1781.0
Chile,CHL,2003,0.0,21.84,0.0,1695.0
Chile,CHL,2004,0.0,20.87,0.0,2031.0
Chile,CHL,2005,0.0,25.42,0.0,1.79
Chile,CHL,2006,0.0,28.03,0.0,1431.0
Chile,CHL,2007,0.0,22.29,0.0,2696.0
Chile,CHL,2008,0.03,23.75,0.0,35882213.0
Chile,CHL,2009,0.07,24.5,0.0,3391682.0
Chile,CHL,2010,0.32,21.23,0.0,34124773.0
Chile,CHL,2011,0.32,20.72,0.0,4314426.0
Chile,CHL,2012,0.39,20.2,0.0,59831734.0
Chile,CHL,2013,0.55,19.61,0.01,6896006.0
Chile,CHL,2014,1.43,23.55,0.46,4989873.0
Chile,CHL,2015,2.1,23.91,1.37,55661297.0
Chile,CHL,2016,2.25,19.46,2.56,6722216.0
Chile,CHL,2017,3.55,21.81,3.9,74493103.0
Chile,CHL,2018,4.02,23.21,5.45,9157252.0
Chile,CHL,2019,4.82,20.83,6.38,954655.0
Chile,CHL,2020,5.54,20.63,7.64,8741824.0
Chile,CHL,2021,7.21,16.48,10.79,84537115.0
Colombia,COL,1965,0.0,35439494.0,0.0,0.0
Colombia,COL,1966,0.0,39372194.0,0.0,0.0
Colombia,COL,1967,0.0,43892536.0,0.0,0.0
Colombia,COL,1968,0.0,48910117.0,0.0,0.0
Colombia,COL,1969,0.0,54379735.0,0.0,0.0
Colombia,COL,1970,0.0,605274.0,0.0,0.0
Colombia,COL,1971,0.0,64234085.0,0.0,0.0
Colombia,COL,1972,0.0,7115021.0,0.0,0.0
Colombia,COL,1973,0.0,77433486.0,0.0,0.0
Colombia,COL,1974,0.0,87920685.0,0.0,0.0
Colombia,COL,1975,0.0,97323.0,0.0,0.189
Colombia,COL,1976,0.0,1022642.0,0.0,0.202
Colombia,COL,1977,0.0,10451812.0,0.0,0.192
Colombia,COL,1978,0.0,1207144.0,0.0,0.206
Colombia,COL,1979,0.0,132593.0,0.0,0.216
Colombia,COL,1980,0.0,1444702.0,0.0,0.227
Colombia,COL,1981,0.0,1426534.0,0.0,0.212
Colombia,COL,1982,0.0,15238536.0,0.0,0.231
Colombia,COL,1983,0.0,15365776.0,0.0,0.234
Colombia,COL,1984,0.0,1714022.0,0.0,0.255
Colombia,COL,1985,0.0,18440771.0,0.0,0.267
Colombia,COL,1986,0.0,21332952.0,0.0,0.266
Colombia,COL,1987,0.0,2324756.0,0.0,0.268
Colombia,COL,1988,0.0,245194.0,0.0,0.274
Colombia,COL,1989,0.0,2678212.0,0.0,0.274
Colombia,COL,1990,0.0,27495852.0,0.0,0.274
Colombia,COL,1991,0.0,2772608.0,0.0,0.269
Colombia,COL,1992,0.0,22280584.0,0.0,0.34
Colombia,COL,1993,0.0,27856392.0,0.0,0.389
Colombia,COL,1994,0.0,3205839.0,0.0,0.444
Colombia,COL,1995,0.0,319894.0,0.0,0.477
Colombia,COL,1996,0.0,35287624.0,0.0,0.496
Colombia,COL,1997,0.0,3147576.0,0.0,0.483
Colombia,COL,1998,0.0,30781685.0,0.0,0.532
Colombia,COL,1999,0.0,33700657.0,0.0,0.457
Colombia,COL,2000,0.0,31.75,0.01,0.18
Colombia,COL,2001,0.0,31.48,0.01,0.18
Colombia,COL,2002,0.0,33.63,0.01,0.17
Colombia,COL,2003,0.0,35.81,0.01,0.16
Colombia,COL,2004,0.05,39.68,0.01,0.15
Colombia,COL,2005,0.05,39.4,0.01,0.16
Colombia,COL,2006,0.06,42.31,0.01,0.2
Colombia,COL,2007,0.05,44.0,0.01,0.19
Colombia,COL,2008,0.05,45.94,0.01,0.17
Colombia,COL,2009,0.06,40.64,0.01,0.33
Colombia,COL,2010,0.04,40.0,0.01,0.55
Colombia,COL,2011,0.04,48.39,0.01,0.37
Colombia,COL,2012,0.05,47.11,0.01,0.4
Colombia,COL,2013,0.06,49.76,0.01,0.65
Colombia,COL,2014,0.07,47.25,0.01,0.73
Colombia,COL,2015,0.07,47.94,0.01,0.97
Colombia,COL,2016,0.05,48.46,0.01,1.01
Colombia,COL,2017,0.0,60.64,0.01,0.73
Colombia,COL,2018,0.04,59.16,0.02,0.84
Colombia,COL,2019,0.06,52.98,0.13,1.11
Colombia,COL,2020,0.01,48.44,0.19,1.3
Colombia,COL,2021,0.06,58.19,0.32,1.02
Costa Rica,CRI,2000,0.18,5.62,0.0,0.98
Costa Rica,CRI,2001,0.19,5.6,0.0,0.99
Costa Rica,CRI,2002,0.26,5.87,0.0,1.13
Costa Rica,CRI,2003,0.31,5.86,0.0,0.93
Costa Rica,CRI,2004,0.26,6.42,0.0,1.22
Costa Rica,CRI,2005,0.2,6.5,0.0,1.17
Costa Rica,CRI,2006,0.27,6.53,0.0,1.25
Costa Rica,CRI,2007,0.24,6.7,0.0,1.3
Costa Rica,CRI,2008,0.2,7.31,0.0,1.17
Costa Rica,CRI,2009,0.33,7.15,0.0,1.22
Costa Rica,CRI,2010,0.36,7.19,0.0,12099999.0
Costa Rica,CRI,2011,0.41,7.06,0.0,13199999.0
Costa Rica,CRI,2012,0.53,7.16,0.01,14499999.0
Costa Rica,CRI,2013,0.49,6.78,0.02,1.59
Costa Rica,CRI,2014,0.74,6.65,0.02,15999999.0
Costa Rica,CRI,2015,1.08,7.99,0.03,1.4
Costa Rica,CRI,2016,1.15,7.95,0.03,1.37
Costa Rica,CRI,2017,1.29,8.59,0.04,1.14
Costa Rica,CRI,2018,1.8,8.26,0.06,1.01
Costa Rica,CRI,2019,1.8,7.75,0.08,1.55
Costa Rica,CRI,2020,1.46,8.29,0.08,1.72
Costa Rica,CRI,2021,1.57,9.29,0.06,1.63
Cuba,CUB,2000,0.0,0.09,0.0,0.0
Cuba,CUB,2001,0.0,0.07,0.0,0.0
Cuba,CUB,2002,0.0,0.1,0.0,0.0
Cuba,CUB,2003,0.0,0.13,0.0,0.0
Cuba,CUB,2004,0.0,0.09,0.0,0.0
Cuba,CUB,2005,0.0,0.07,0.0,2.31
Cuba,CUB,2006,0.0,0.09,0.0,1.72
Cuba,CUB,2007,0.0,0.12,0.0,2.2
Cuba,CUB,2008,0.01,0.14,0.0,2.21
Cuba,CUB,2009,0.0,0.15,0.0,2.21
Cuba,CUB,2010,0.01,0.1,0.0,2.18
Cuba,CUB,2011,0.02,0.1,0.0,2.21
Cuba,CUB,2012,0.02,0.11,0.01,2.2
Cuba,CUB,2013,0.02,0.13,0.11,2.1
Cuba,CUB,2014,0.02,0.1,0.09,2.24
Cuba,CUB,2015,0.02,0.05,0.13,2.3
Cuba,CUB,2016,0.02,0.06,0.14,2.18
Cuba,CUB,2017,0.02,0.08,0.08,2.33
Cuba,CUB,2018,0.02,0.14,0.16,2.43
Cuba,CUB,2019,0.02,0.14,0.23,3.43
Cuba,CUB,2020,0.02,0.11,0.24,3.61
Cuba,CUB,2021,0.02,0.11,0.26,3.83
Dominican Republic,DOM,2000,0.0,0.75,0.0,0.01
Dominican Republic,DOM,2001,0.0,0.7,0.0,0.01
Dominican Republic,DOM,2002,0.0,0.87,0.0,0.01
Dominican Republic,DOM,2003,0.0,1.19,0.0,0.01
Dominican Republic,DOM,2004,0.0,1.6,0.0,0.01
Dominican Republic,DOM,2005,0.0,1.91,0.0,0.01
Dominican Republic,DOM,2006,0.0,1.75,0.0,0.01
Dominican Republic,DOM,2007,0.0,1.7,0.0,0.01
Dominican Republic,DOM,2008,0.0,1.38,0.0,0.01
Dominican Republic,DOM,2009,0.0,1.46,0.0,0.01
Dominican Republic,DOM,2010,0.0,1.43,0.0,0.13
Dominican Republic,DOM,2011,0.01,1.53,0.0,0.14
Dominican Republic,DOM,2012,0.1,1.78,0.0,0.14
Dominican Republic,DOM,2013,0.24,1.88,0.01,0.15
Dominican Republic,DOM,2014,0.24,1.32,0.02,0.15
Dominican Republic,DOM,2015,0.29,0.93,0.03,0.17
Dominican Republic,DOM,2016,0.32,1.5,0.08,0.49
Dominican Republic,DOM,2017,0.39,2.17,0.14,0.4
Dominican Republic,DOM,2018,0.5,1.76,0.23,0.42
Dominican Republic,DOM,2019,0.79,0.97,0.36,0.35
Dominican Republic,DOM,2020,1.14,1.18,0.43,0.19
Dominican Republic,DOM,2021,1.29,1.0,0.53,0.2
Ecuador,ECU,1965,0.0,0.249,0.0,0.0
Ecuador,ECU,1966,0.0,0.285,0.0,0.0
Ecuador,ECU,1967,0.0,0.314,0.0,0.0
Ecuador,ECU,1968,0.0,0.328,0.0,0.0
Ecuador,ECU,1969,0.0,0.364,0.0,0.0
Ecuador,ECU,1970,0.0,0.405,0.0,0.0
Ecuador,ECU,1971,0.0,0.44,0.0,0.0
Ecuador,ECU,1972,0.0,0.445,0.0,0.0
Ecuador,ECU,1973,0.0,0.435,0.0,0.0
Ecuador,ECU,1974,0.0,0.5,0.0,0.0
Ecuador,ECU,1975,0.0,0.628,0.0,0.0
Ecuador,ECU,1976,0.0,0.605,0.0,0.0
Ecuador,ECU,1977,0.0,0.558,0.0,0.0
Ecuador,ECU,1978,0.0,0.791,0.0,0.0
Ecuador,ECU,1979,0.0,0.709,0.0,0.0
Ecuador,ECU,1980,0.0,0.872,0.0,0.0
Ecuador,ECU,1981,0.0,0.779,0.0,0.0
Ecuador,ECU,1982,0.0,0.895,0.0,0.0
Ecuador,ECU,1983,0.0,1721.0,0.0,0.0
Ecuador,ECU,1984,0.0,3233.0,0.0,0.0
Ecuador,ECU,1985,0.0,3279.0,0.0,0.0
Ecuador,ECU,1986,0.0,4012.0,0.0,0.0
Ecuador,ECU,1987,0.0,4.57,0.0,0.0
Ecuador,ECU,1988,0.0,4826.0,0.0,0.0
Ecuador,ECU,1989,0.0,4954.0,0.0,0.0
Ecuador,ECU,1990,0.0,49866877.0,0.0,0.0
Ecuador,ECU,1991,0.0,5075921.0,0.0,0.0
Ecuador,ECU,1992,0.0,4973581.0,0.0,0.0
Ecuador,ECU,1993,0.0,58101373.0,0.0,0.0
Ecuador,ECU,1994,0.0,65652776.0,0.0,0.0
Ecuador,ECU,1995,0.0,5160551.0,0.0,0.0
Ecuador,ECU,1996,0.0,63434153.0,0.0,0.0
Ecuador,ECU,1997,0.0,65341773.0,0.0,0.0
Ecuador,ECU,1998,0.0,65060954.0,0.0,0.0
Ecuador,ECU,1999,0.0,7176726.0,0.0,0.0
Ecuador,ECU,2000,0.0,7.53,0.0,0.0
Ecuador,ECU,2001,0.0,7.0,0.0,0.0
Ecuador,ECU,2002,0.0,7.45,0.0,0.0
Ecuador,ECU,2003,0.0,7.11,0.0,0.0
Ecuador,ECU,2004,0.0,7.34,0.0,0.37
Ecuador,ECU,2005,0.0,6.81,0.0,0.61
Ecuador,ECU,2006,0.0,7.06,0.0,0.83
Ecuador,ECU,2007,0.0,8.95,0.0,0.98
Ecuador,ECU,2008,0.0,11.18,0.0,1.24
Ecuador,ECU,2009,0.0,9.13,0.0,1.54
Ecuador,ECU,2010,0.0,8.55,0.0,1.72
Ecuador,ECU,2011,0.0,11.02,0.0,1.49
Ecuador,ECU,2012,0.0,12.12,0.0,1.68
Ecuador,ECU,2013,0.06,10.93,0.0,1.92
Ecuador,ECU,2014,0.08,11.34,0.02,2.34
Ecuador,ECU,2015,0.1,12.97,0.04,2.33
Ecuador,ECU,2016,0.08,15.68,0.04,2.23
Ecuador,ECU,2017,0.07,19.89,0.04,1.58
Ecuador,ECU,2018,0.08,20.47,0.04,1.71
Ecuador,ECU,2019,0.09,24.66,0.04,1.52
Ecuador,ECU,2020,0.08,24.33,0.04,1.38
Ecuador,ECU,2021,0.06,25.57,0.04,1.35
El Salvador,SLV,2000,0.0,1.16,0.0,0.87
El Salvador,SLV,2001,0.0,1.15,0.0,11800001.0
El Salvador,SLV,2002,0.0,1.13,0.0,1.27
El Salvador,SLV,2003,0.0,1.45,0.0,1.36
El Salvador,SLV,2004,0.0,1.37,0.0,1.36
El Salvador,SLV,2005,0.0,1.66,0.0,1.41
El Salvador,SLV,2006,0.0,1.96,0.0,1.53
El Salvador,SLV,2007,0.0,1.73,0.0,1.78
El Salvador,SLV,2008,0.0,2.03,0.0,1.88
El Salvador,SLV,2009,0.0,1.5,0.0,1.97
El Salvador,SLV,2010,0.0,2.08,0.0,1.89
El Salvador,SLV,2011,0.0,2.01,0.0,2.11
El Salvador,SLV,2012,0.0,1.84,0.0,2.34
El Salvador,SLV,2013,0.0,1.78,0.01,2.33
El Salvador,SLV,2014,0.0,1.71,0.02,24099998.0
El Salvador,SLV,2015,0.0,1.35,0.03,2.19
El Salvador,SLV,2016,0.0,1.26,0.04,2.38
El Salvador,SLV,2017,0.0,1.62,0.19,2.13
El Salvador,SLV,2018,0.0,1.54,0.31,2.1
El Salvador,SLV,2019,0.0,1.44,0.5,2.21
El Salvador,SLV,2020,0.01,1.99,0.91,2.06
El Salvador,SLV,2021,0.01,2.0,1.11,2.1
Guatemala,GTM,2000,0.0,2.5,0.0,0.69
Guatemala,GTM,2001,0.0,2.18,0.0,0.82
Guatemala,GTM,2002,0.0,1.93,0.0,0.86
Guatemala,GTM,2003,0.0,2.65,0.0,0.9
Guatemala,GTM,2004,0.0,2.54,0.0,0.75
Guatemala,GTM,2005,0.0,2.91,0.0,1.08
Guatemala,GTM,2006,0.0,3.27,0.0,13399999.0
Guatemala,GTM,2007,0.0,3.0,0.0,1.58
Guatemala,GTM,2008,0.0,3.64,0.0,1.41
Guatemala,GTM,2009,0.0,2.91,0.0,15899999.0
Guatemala,GTM,2010,0.0,3.81,0.0,1.22
Guatemala,GTM,2011,0.0,4.13,0.0,1.13
Guatemala,GTM,2012,0.0,4.46,0.0,1.48
Guatemala,GTM,2013,0.0,4.65,0.0,17900001.0
Guatemala,GTM,2014,0.0,4.84,0.01,2.05
Guatemala,GTM,2015,0.11,3.87,0.16,2.72
Guatemala,GTM,2016,0.22,3.99,0.19,28799999.0
Guatemala,GTM,2017,0.22,5.81,0.2,26599998.0
Guatemala,GTM,2018,0.32,5.31,0.2,3.37
Guatemala,GTM,2019,0.33,4.47,0.23,3.44
Guatemala,GTM,2020,0.31,5.78,0.22,2.84
Guatemala,GTM,2021,0.32,5.92,0.23,31399999.0
Honduras,HND,2000,0.0,2.24,0.0,0.0
Honduras,HND,2001,0.0,1.88,0.0,0.01
Honduras,HND,2002,0.0,1.6,0.0,0.03
Honduras,HND,2003,0.0,1.72,0.0,0.09
Honduras,HND,2004,0.0,1.39,0.0,0.15
Honduras,HND,2005,0.0,1.7,0.0,0.22
Honduras,HND,2006,0.0,2.05,0.0,0.21
Honduras,HND,2007,0.0,2.19,0.0,0.25
Honduras,HND,2008,0.0,2.27,0.0,0.31
Honduras,HND,2009,0.0,2.77,0.0,0.3
Honduras,HND,2010,0.0,3.05,0.0,0.29
Honduras,HND,2011,0.12,2.79,0.0,0.49
Honduras,HND,2012,0.34,2.76,0.01,0.44
Honduras,HND,2013,0.31,2.71,0.01,0.55
Honduras,HND,2014,0.4,2.58,0.01,0.63
Honduras,HND,2015,0.67,2.32,0.43,0.87
Honduras,HND,2016,0.58,2.33,0.89,1.0
Honduras,HND,2017,0.58,2.97,0.93,0.96000004
Honduras,HND,2018,0.93,3.15,1.0,1.05
Honduras,HND,2019,0.82,2.43,1.12,13599999.0
Honduras,HND,2020,0.71,2.7,1.05,13900001.0
Honduras,HND,2021,0.8,2.7,1.28,1.45
Mexico,MEX,1965,0.0,8863.0,0.0,0.0
Mexico,MEX,1966,0.0,10118.0,0.0,0.0
Mexico,MEX,1967,0.0,11017.0,0.0,0.0
Mexico,MEX,1968,0.0,12642.0,0.0,0.0
Mexico,MEX,1969,0.0,13406.0,0.0,0.0
Mexico,MEX,1970,0.0,15005.0,0.0,0.0
Mexico,MEX,1971,0.0,14572.0,0.0,0.0
Mexico,MEX,1972,0.0,15531.0,0.0,0.0
Mexico,MEX,1973,0.0,16371.0,0.0,0.161
Mexico,MEX,1974,0.0,16708.0,0.0,0.463
Mexico,MEX,1975,0.0,15182.0,0.0,0.518
Mexico,MEX,1976,0.0,17255.0,0.0,0.579
Mexico,MEX,1977,0.0,19193.0,0.0,0.592
Mexico,MEX,1978,0.0,16217.0,0.0,0.598
Mexico,MEX,1979,0.0,18008.0,0.0,1019.0
Mexico,MEX,1980,0.0,16.91,0.0,0.915
Mexico,MEX,1981,0.0,24618.0,0.0,0.964
Mexico,MEX,1982,0.0,22924.0,0.0,1296.0
Mexico,MEX,1983,0.0,20733.0,0.0,1353.0
Mexico,MEX,1984,0.0,23603.0,0.0,1424.0
Mexico,MEX,1985,0.0,28427292.0,0.0,1641.0
Mexico,MEX,1986,0.0,212975.0,0.0,3394.0
Mexico,MEX,1987,0.0,19285194.0,0.0,4418.0
Mexico,MEX,1988,0.0,21836111.0,0.0,4633.0
Mexico,MEX,1989,0.0,25354195.0,0.0,4675.0
Mexico,MEX,1990,0.001,24480944.0,0.001,5124.0
Mexico,MEX,1991,0.001,22625263.0,0.002,58325124.0
Mexico,MEX,1992,0.001,26813694.0,0.003,6365523.0
Mexico,MEX,1993,0.001,2665493.0,0.004,64997606.0
Mexico,MEX,1994,0.005,2027132.0,0.005,62185254.0
Mexico,MEX,1995,0.007,27598667.0,0.005,64144435.0
Mexico,MEX,1996,0.006,31336277.0,0.006,6184555.0
Mexico,MEX,1997,0.012,26362097.0,0.006,58832464.0
Mexico,MEX,1998,0.015,24592945.0,0.007,6138586.0
Mexico,MEX,1999,0.017,3271232.0,0.007,60600014.0
Mexico,MEX,2000,0.02,32.8,0.01,11.68
Mexico,MEX,2001,0.02,28.22,0.01,11309999.0
Mexico,MEX,2002,0.02,24.7,0.01,10940001.0
Mexico,MEX,2003,0.02,19.68,0.01,12.4
Mexico,MEX,2004,0.02,24.95,0.01,13.21
Mexico,MEX,2005,0.02,27.38,0.01,14.88
Mexico,MEX,2006,0.06,30.09,0.01,13469999.0
Mexico,MEX,2007,0.26,27.0,0.01,14.87
Mexico,MEX,2008,0.27,38.79,0.01,14.15
Mexico,MEX,2009,0.6,26.45,0.01,13.53
Mexico,MEX,2010,1.24,36.79,0.03,13309999.0
Mexico,MEX,2011,1.63,35.93,0.04,13.1
Mexico,MEX,2012,3.67,31.59,0.07,11870001.0
Mexico,MEX,2013,4.17,27.72,0.11,12.67
Mexico,MEX,2014,6.35,38.55,0.22,12.34
Mexico,MEX,2015,8.45,30.61,0.24,13.12
Mexico,MEX,2016,9.93,29.74,0.46,12.84
Mexico,MEX,2017,9.91,31.74,1.07,13.16
Mexico,MEX,2018,12.53,32.3,1.36,12.59
Mexico,MEX,2019,16.78,23.54,6.97,11.71
Mexico,MEX,2020,19.77,26.74,11.24,11440001.0
Mexico,MEX,2021,20.97,34.47,14.16,11.05
Nicaragua,NIC,2000,0.0,0.21,0.0,0.22999999
Nicaragua,NIC,2001,0.0,0.19,0.0,0.26999998
Nicaragua,NIC,2002,0.0,0.3,0.0,0.39
Nicaragua,NIC,2003,0.0,0.29,0.0,0.53
Nicaragua,NIC,2004,0.0,0.32,0.0,0.7
Nicaragua,NIC,2005,0.0,0.43,0.0,0.76
Nicaragua,NIC,2006,0.0,0.31,0.0,0.84
Nicaragua,NIC,2007,0.0,0.3,0.0,0.69
Nicaragua,NIC,2008,0.0,0.53,0.0,0.73
Nicaragua,NIC,2009,0.11,0.29,0.0,0.76
Nicaragua,NIC,2010,0.16,0.5,0.0,0.68
Nicaragua,NIC,2011,0.21,0.44,0.0,0.65999997
Nicaragua,NIC,2012,0.33,0.41,0.01,0.91999996
Nicaragua,NIC,2013,0.56,0.45,0.0,1.04
Nicaragua,NIC,2014,0.85,0.39,0.0,1.04
Nicaragua,NIC,2015,0.87,0.29,0.0,1.08
Nicaragua,NIC,2016,0.73,0.42,0.0,1.23
Nicaragua,NIC,2017,0.63,0.46,0.01,1.2
Nicaragua,NIC,2018,0.8,0.41,0.02,1.25
Nicaragua,NIC,2019,0.73,0.23,0.03,13199999.0
Nicaragua,NIC,2020,0.55,0.57,0.03,1.27
Nicaragua,NIC,2021,0.63,0.57,0.03,1.3
Panama,PAN,2000,0.0,3.38,0.0,0.02
Panama,PAN,2001,0.0,2.47,0.0,0.04
Panama,PAN,2002,0.0,3.37,0.0,0.03
Panama,PAN,2003,0.0,2.8,0.0,0.04
Panama,PAN,2004,0.0,3.74,0.0,0.03
Panama,PAN,2005,0.0,3.69,0.0,0.03
Panama,PAN,2006,0.0,3.54,0.0,0.04
Panama,PAN,2007,0.0,3.63,0.0,0.04
Panama,PAN,2008,0.0,3.93,0.0,0.06
Panama,PAN,2009,0.0,3.86,0.0,0.06
Panama,PAN,2010,0.0,4.15,0.0,0.05
Panama,PAN,2011,0.0,4.06,0.0,0.08
Panama,PAN,2012,0.0,5.33,0.0,0.09
Panama,PAN,2013,0.0,5.1,0.0,0.1
Panama,PAN,2014,0.12,4.98,0.01,0.08
Panama,PAN,2015,0.42,6.19,0.02,0.06
Panama,PAN,2016,0.63,6.46,0.08,0.07
Panama,PAN,2017,0.49,7.18,0.16,0.07
Panama,PAN,2018,0.59,7.86,0.26,0.03
Panama,PAN,2019,0.73,5.1,0.34,0.07
Panama,PAN,2020,0.58,7.35,0.37,0.05
Panama,PAN,2021,0.66,7.2,0.42,0.05
Paraguay,PRY,2000,0.0,52.96,0.0,0.0
Paraguay,PRY,2001,0.0,44.86,0.0,0.0
Paraguay,PRY,2002,0.0,47.73,0.0,0.0
Paraguay,PRY,2003,0.0,51.25,0.0,0.0
Paraguay,PRY,2004,0.0,51.41,0.0,0.0
Paraguay,PRY,2005,0.0,50.65,0.0,0.0
Paraguay,PRY,2006,0.0,53.25,0.0,0.0
Paraguay,PRY,2007,0.0,53.19,0.0,0.0
Paraguay,PRY,2008,0.0,54.91,0.0,0.0
Paraguay,PRY,2009,0.0,54.41,0.0,0.0
Paraguay,PRY,2010,0.0,53.52,0.0,0.0
Paraguay,PRY,2011,0.0,57.05,0.0,0.0
Paraguay,PRY,2012,0.0,59.63,0.0,0.0
Paraguay,PRY,2013,0.0,59.77,0.0,0.1
Paraguay,PRY,2014,0.0,54.72,0.0,0.11
Paraguay,PRY,2015,0.0,55.19,0.0,0.11
Paraguay,PRY,2016,0.0,63.13,0.0,0.17
Paraguay,PRY,2017,0.0,59.09,0.0,0.14
Paraguay,PRY,2018,0.0,58.62,0.0,0.13
Paraguay,PRY,2019,0.0,48.93,0.0,0.06
Paraguay,PRY,2020,0.0,46.37,0.0,0.06
Paraguay,PRY,2021,0.0,39.89,0.0,0.06
Peru,PER,1965,0.0,2625.0,0.0,0.0
Peru,PER,1966,0.0,2827.0,0.0,0.0
Peru,PER,1967,0.0,3168.0,0.0,0.0
Peru,PER,1968,0.0,3.4,0.0,0.0
Peru,PER,1969,0.0,3701.0,0.0,0.0
Peru,PER,1970,0.0,3536.0,0.0,0.0
Peru,PER,1971,0.0,4286.0,0.0,0.227
Peru,PER,1972,0.0,4435.0,0.0,0.227
Peru,PER,1973,0.0,4769.0,0.0,0.23
Peru,PER,1974,0.0,5216.0,0.0,0.266
Peru,PER,1975,0.0,5467.0,0.0,0.266
Peru,PER,1976,0.0,5793.0,0.0,0.245
Peru,PER,1977,0.0,6025.0,0.0,0.242
Peru,PER,1978,0.0,6192.0,0.0,0.215
Peru,PER,1979,0.0,6703.0,0.0,0.163
Peru,PER,1980,0.0,7.01,0.0,0.085
Peru,PER,1981,0.0,7996.0,0.0,0.076
Peru,PER,1982,0.0,8396.0,0.0,0.151
Peru,PER,1983,0.0,8107.0,0.0,0.145
Peru,PER,1984,0.0,8703.0,0.0,0.142
Peru,PER,1985,0.0,9382.0,0.0,0.169
Peru,PER,1986,0.0,10.06,0.0,0.154
Peru,PER,1987,0.0,10878.0,0.0,0.136
Peru,PER,1988,0.0,10423.0,0.0,0.136
Peru,PER,1989,0.0,10507.0,0.0,0.145
Peru,PER,1990,0.0,10469.0,0.0,0.136
Peru,PER,1991,0.0,11492.0,0.0,0.133
Peru,PER,1992,0.0,9689.0,0.0,0.133
Peru,PER,1993,0.0,11799.0,0.0,0.109
Peru,PER,1994,0.0,12747.0,0.0,0.119
Peru,PER,1995,0.0,129376.0,0.0,0.142
Peru,PER,1996,0.0004,133236.0,0.0,0.137
Peru,PER,1997,0.0006,132145.0,0.0,0.154
Peru,PER,1998,0.0005,138083.0,0.0,0.126
Peru,PER,1999,0.0006,145406.0,0.0,0.139
Peru,PER,2000,0.0,16.01,0.0,0.06
Peru,PER,2001,0.0,17.43,0.0,0.05
Peru,PER,2002,0.0,17.86,0.0,0.07
Peru,PER,2003,0.0,18.35,0.0,0.09
Peru,PER,2004,0.0,17.35,0.0,0.12
Peru,PER,2005,0.0,17.9,0.0,0.12
Peru,PER,2006,0.0,19.51,0.0,0.09
Peru,PER,2007,0.0,19.35,0.0,0.07
Peru,PER,2008,0.0,18.96,0.0,0.11
Peru,PER,2009,0.0,19.42,0.0,0.18
Peru,PER,2010,0.0,19.84,0.0,0.19
Peru,PER,2011,0.0,21.37,0.0,0.3
Peru,PER,2012,0.0,21.14,0.09,0.45
Peru,PER,2013,0.0,22.09,0.24,0.48
Peru,PER,2014,0.26,21.98,0.25,0.52
Peru,PER,2015,0.6,23.47,0.29,0.46
Peru,PER,2016,1.06,23.92,0.31,0.61
Peru,PER,2017,1.07,28.77,0.36,0.6
Peru,PER,2018,1.5,30.41,0.75,0.6
Peru,PER,2019,1.65,31.26,0.78,0.7
Peru,PER,2020,1.81,30.5,0.79,0.6
Peru,PER,2021,1.81,31.89,0.82,0.72
Uruguay,URY,2000,0.0,6.98,0.0,0.02
Uruguay,URY,2001,0.0,9.1,0.0,0.0
Uruguay,URY,2002,0.0,9.44,0.0,0.0
Uruguay,URY,2003,0.0,8.45,0.0,0.0
Uruguay,URY,2004,0.0,4.73,0.0,0.04
Uruguay,URY,2005,0.0,6.62,0.0,0.04
Uruguay,URY,2006,0.0,3.56,0.0,0.04
Uruguay,URY,2007,0.0,7.99,0.0,0.32
Uruguay,URY,2008,0.0,4.45,0.0,1.04
Uruguay,URY,2009,0.04,5.21,0.0,0.86
Uruguay,URY,2010,0.07,8.58,0.0,0.64
Uruguay,URY,2011,0.11,6.41,0.0,1.06
Uruguay,URY,2012,0.11,5.37,0.0,1.27
Uruguay,URY,2013,0.14,8.12,0.0,1.15
Uruguay,URY,2014,0.73,9.55,0.0,0.92
Uruguay,URY,2015,2.07,8.18,0.05,1.38
Uruguay,URY,2016,2.99,7.76,0.15,1.5
Uruguay,URY,2017,3.77,7.44,0.27,1.45
Uruguay,URY,2018,4.73,6.49,0.41,1.52
Uruguay,URY,2019,4.75,8.11,0.42,0.88
Uruguay,URY,2020,5.48,4.09,0.46,1.12
Uruguay,URY,2021,4.99,5.27,0.48,1.61
Venezuela,VEN,1965,0.0,1369.0,0.0,0.0
Venezuela,VEN,1966,0.0,1395.0,0.0,0.0
Venezuela,VEN,1967,0.0,1636.0,0.0,0.0
Venezuela,VEN,1968,0.0,2748.0,0.0,0.0
Venezuela,VEN,1969,0.0,3.19,0.0,0.0
Venezuela,VEN,1970,0.0,4104.0,0.0,0.0
Venezuela,VEN,1971,0.0,5.39,0.0,0.0
Venezuela,VEN,1972,0.0,6.02,0.0,0.0
Venezuela,VEN,1973,0.0,6225.0,0.0,0.0
Venezuela,VEN,1974,0.0,7707.0,0.0,0.0
Venezuela,VEN,1975,0.0,8931.0,0.0,0.0
Venezuela,VEN,1976,0.0,10578.0,0.0,0.0
Venezuela,VEN,1977,0.0,12163.0,0.0,0.0
Venezuela,VEN,1978,0.0,12232.0,0.0,0.0
Venezuela,VEN,1979,0.0,14.24,0.0,0.0
Venezuela,VEN,1980,0.0,14587.0,0.0,0.0
Venezuela,VEN,1981,0.0,15088.0,0.0,0.0
Venezuela,VEN,1982,0.0,15814.0,0.0,0.0
Venezuela,VEN,1983,0.0,18063.0,0.0,0.0
Venezuela,VEN,1984,0.0,20243.0,0.0,0.0
Venezuela,VEN,1985,0.0,22648.0,0.0,0.0
Venezuela,VEN,1986,0.0,25159.0,0.0,0.0
Venezuela,VEN,1987,0.0,30843.0,0.0,0.0
Venezuela,VEN,1988,0.0,34203.0,0.0,0.0
Venezuela,VEN,1989,0.0,34666.0,0.0,0.0
Venezuela,VEN,1990,0.0,36983.0,0.0,0.0
Venezuela,VEN,1991,0.0,44542.0,0.0,0.0
Venezuela,VEN,1992,0.0,47271.0,0.0,0.0
Venezuela,VEN,1993,0.0,47478.0,0.0,0.0
Venezuela,VEN,1994,0.0,51284.0,0.0,0.0
Venezuela,VEN,1995,0.0,51.45,0.0,0.0
Venezuela,VEN,1996,0.0,53847.0,0.0,0.0
Venezuela,VEN,1997,0.0,57268.0,0.0,0.0
Venezuela,VEN,1998,0.0,57923.0,0.0,0.0
Venezuela,VEN,1999,0.0,60.6,0.0,0.0
Venezuela,VEN,2000,0.0,62.2,0.0,0.0
Venezuela,VEN,2001,0.0,59.85,0.0,0.0
Venezuela,VEN,2002,0.0,58.94,0.0,0.0
Venezuela,VEN,2003,0.0,59.93,0.0,0.0
Venezuela,VEN,2004,0.0,69.37,0.0,0.0
Venezuela,VEN,2005,0.0,76.46,0.0,0.0
Venezuela,VEN,2006,0.0,80.78,0.0,0.0
Venezuela,VEN,2007,0.0,82.23,0.0,0.0
Venezuela,VEN,2008,0.0,85.97,0.0,0.0
Venezuela,VEN,2009,0.0,85.1,0.0,0.0
Venezuela,VEN,2010,0.0,76.01,0.0,0.0
Venezuela,VEN,2011,0.0,82.83,0.0,0.0
Venezuela,VEN,2012,0.05,81.19,0.0,0.0
Venezuela,VEN,2013,0.09,82.71,0.0,0.0
Venezuela,VEN,2014,0.09,63.65,0.0,0.0
Venezuela,VEN,2015,0.09,74.15,0.01,0.0
Venezuela,VEN,2016,0.09,62.33,0.01,0.0
Venezuela,VEN,2017,0.09,60.51,0.01,0.0
Venezuela,VEN,2018,0.09,58.15,0.01,0.0
Venezuela,VEN,2019,0.09,49.64,0.01,0.0
Venezuela,VEN,2020,0.09,62.51,0.01,0.0
Venezuela,VEN,2021,0.09,61.0,0.01,0.0
